plot_number,dx,dy,shift_distance,alignment_score,confidence,iou
1145,-8,6,10.0,-0.32249999046325684,0.751,0.9159331070247911
1403,-8,16,17.88854381999832,-1.1943566918373107,0.652,0.8379672020626133
1476,-18,4,18.439088914585774,-1.3482933282852172,0.639,0.784165268651358
1710,0,22,22.0,-0.82310467004776,0.634,0.872536120595065
2647,0,16,16.0,-1.583565983772278,0.669,0.7937780368522741
622,4,12,12.649110640673518,-6.5783978462219235,0.681,0.9099343113048973
